DataOficial;Districte;Sector;NombreHabitants;NombreLlars
2014/01/01;1;CENTRE;32207;12655
2014/01/01;1;"SANT OLEGUER";20412;8016
2014/01/01;2;"CAN PUIGGENER";6377;2097
2014/01/01;2;"CREU ALTA";17921;7271
2014/01/01;2;TOGORES;36;11
2014/01/01;3;"CA N´ORIAC";19139;7079
2014/01/01;3;NORD;13791;5171
2014/01/01;3;"SANT JULIÀ";1686;671
2014/01/01;4;BERARDO;8769;3121
2014/01/01;4;"CAN RULL";16923;6448
2014/01/01;4;CONCÒRDIA;12765;4825
2014/01/01;5;"CAN FEU";9694;3834
2014/01/01;5;GRÀCIA;9668;3818
2014/01/01;5;OEST;49;18
2014/01/01;6;"CREU DE BARBERÀ";19905;7760
2014/01/01;6;"SANT PAU";14;10
2014/01/01;6;SUD;9446;3497
2014/01/01;7;EST;29;11
2014/01/01;7;"LA SERRA";8701;3066
2013/01/01;1;CENTRE;31979;12617
2013/01/01;1;"SANT OLEGUER";20440;7994
2013/01/01;2;"CAN PUIGGENER";6549;2102
2013/01/01;2;"CREU ALTA";17887;7240
2013/01/01;2;TOGORES;33;11
2013/01/01;3;"CA N'ORIAC";19474;7115
2013/01/01;3;NORD;14013;5184
2013/01/01;3;"SANT JULIÀ";1370;511
2013/01/01;4;BERARDO;8518;3084
2013/01/01;4;"CAN RULL";16997;6454
2013/01/01;4;CONCÒRDIA;12942;4853
2013/01/01;5;"CAN FEU";9622;3790
2013/01/01;5;GRÀCIA;9622;3810
2013/01/01;5;OEST;50;17
2013/01/01;6;"CREU DE BARBERÀ";20042;7677
2013/01/01;6;"SANT PAU";14;10
2013/01/01;6;SUD;9465;3508
2013/01/01;7;EST;28;12
2013/01/01;7;"LA SERRA";8702;3050
2014/07/01;1;CENTRE;32203;12665
2014/07/01;1;"SANT OLEGUER";20478;8041
2014/07/01;2;"CAN PUIGGENER";6324;2098
2014/07/01;2;"CREU ALTA";18000;7275
2014/07/01;2;TOGORES;32;11
2014/07/01;3;"CA N´ORIAC";19124;7086
2014/07/01;3;NORD;13745;5174
2014/07/01;3;"SANT JULIÀ";1905;768
2014/07/01;4;BERARDO;8857;3141
2014/07/01;4;"CAN RULL";16844;6437
2014/07/01;4;CONCÒRDIA;12758;4824
2014/07/01;5;"CAN FEU";9732;3853
2014/07/01;5;GRÀCIA;9836;3885
2014/07/01;5;OEST;46;18
2014/07/01;6;"CREU DE BARBERÀ";19829;7757
2014/07/01;6;"SANT PAU";11;9
2014/07/01;6;SUD;9346;3486
2014/07/01;7;EST;25;11
2014/07/01;7;"LA SERRA";8728;3107
2014/10/01;1;CENTRE;32304;12696
2014/10/01;1;"SANT OLEGUER";20463;8039
2014/10/01;2;"CAN PUIGGENER";6307;2096
2014/10/01;2;"CREU ALTA";18003;7289
2014/10/01;2;TOGORES;30;11
2014/10/01;3;"CA N´ORIAC";19088;7075
2014/10/01;3;NORD;13733;5178
2014/10/01;3;"SANT JULIÀ";1936;784
2014/10/01;4;BERARDO;8943;3158
2014/10/01;4;"CAN RULL";16864;6426
2014/10/01;4;CONCÒRDIA;12782;4839
2014/10/01;5;"CAN FEU";9699;3848
2014/10/01;5;GRÀCIA;9839;3908
2014/10/01;5;OEST;44;17
2014/10/01;6;"CREU DE BARBERÀ";19821;7757
2014/10/01;6;"SANT PAU";11;9
2014/10/01;6;SUD;9378;3494
2014/10/01;7;EST;25;11
2014/10/01;7;"LA SERRA";8675;3103
2015/01/01;1;CENTRE;32389;12775
2015/01/01;1;"SANT OLEGUER";20423;8033
2015/01/01;2;"CAN PUIGGENER";6296;2110
2015/01/01;2;"CREU ALTA";17954;7295
2015/01/01;2;TOGORES;30;11
2015/01/01;3;"CA N´ORIAC";19051;7084
2015/01/01;3;NORD;13735;5175
2015/01/01;3;"SANT JULIÀ";1956;789
2015/01/01;4;BERARDO;8963;3177
2015/01/01;4;"CAN RULL";16852;6440
2015/01/01;4;CONCÒRDIA;12730;4843
2015/01/01;5;"CAN FEU";9643;3838
2015/01/01;5;GRÀCIA;9861;3900
2015/01/01;5;OEST;44;17
2015/01/01;6;"CREU DE BARBERÀ";19790;7765
2015/01/01;6;"SANT PAU";11;10
2015/01/01;6;SUD;9368;3512
2015/01/01;7;EST;26;11
2015/01/01;7;"LA SERRA";8680;3120
2015/04/01;1;CENTRE;32481;12775
2015/04/01;1;"SANT OLEGUER";20461;8042
2015/04/01;2;"CAN PUIGGENER";6299;2104
2015/04/01;2;"CREU ALTA";18004;7287
2015/04/01;2;TOGORES;30;11
2015/04/01;3;"CA N´ORIAC";19096;7084
2015/04/01;3;NORD;13723;5180
2015/04/01;3;"SANT JULIÀ";1980;795
2015/04/01;4;BERARDO;8991;3190
2015/04/01;4;"CAN RULL";16855;6449
2015/04/01;4;CONCÒRDIA;12754;4831
2015/04/01;5;"CAN FEU";9618;3830
2015/04/01;5;GRÀCIA;9840;3890
2015/04/01;5;OEST;43;17
2015/04/01;6;"CREU DE BARBERÀ";19844;7771
2015/04/01;6;"SANT PAU";11;10
2015/04/01;6;SUD;9349;3513
2015/04/01;7;EST;26;11
2015/04/01;7;"LA SERRA";8674;3119
2015/07/01;1;CENTRE;32587;12798
2015/07/01;1;"SANT OLEGUER";20388;8050
2015/07/01;2;"CAN PUIGGENER";6245;2096
2015/07/01;2;"CREU ALTA";17998;7308
2015/07/01;2;TOGORES;30;11
2015/07/01;3;"CA N´ORIAC";19081;7098
2015/07/01;3;NORD;13659;5185
2015/07/01;3;"SANT JULIÀ";2019;807
2015/07/01;4;BERARDO;9031;3206
2015/07/01;4;"CAN RULL";16853;6460
2015/07/01;4;CONCÒRDIA;12716;4838
2015/07/01;5;"CAN FEU";9655;3829
2015/07/01;5;GRÀCIA;9829;3895
2015/07/01;5;OEST;44;17
2015/07/01;6;"CREU DE BARBERÀ";19892;7799
2015/07/01;6;"SANT PAU";11;10
2015/07/01;6;SUD;9339;3526
2015/07/01;7;EST;25;11
2015/07/01;7;"LA SERRA";8661;3142
2015/10/01;1;CENTRE;32789;12852
2015/10/01;1;"SANT OLEGUER";20472;8071
2015/10/01;2;"CAN PUIGGENER";6260;2097
2015/10/01;2;"CREU ALTA";18055;7317
2015/10/01;2;TOGORES;30;11
2015/10/01;3;"CA N´ORIAC";19121;7101
2015/10/01;3;NORD;13669;5176
2015/10/01;3;"SANT JULIÀ";2039;809
2015/10/01;4;BERARDO;9075;3216
2015/10/01;4;"CAN RULL";16865;6461
2015/10/01;4;CONCÒRDIA;12724;4835
2015/10/01;5;"CAN FEU";9692;3829
2015/10/01;5;GRÀCIA;9829;3889
2015/10/01;5;OEST;44;17
2015/10/01;6;"CREU DE BARBERÀ";19921;7812
2015/10/01;6;"SANT PAU";12;11
2015/10/01;6;SUD;9365;3525
2015/10/01;7;EST;24;11
2015/10/01;7;"LA SERRA";8699;3141
2016/01/01;1;CENTRE;32827;12887
2016/01/01;1;"SANT OLEGUER";20462;8080
2016/01/01;2;"CAN PUIGGENER";6271;2093
2016/01/01;2;"CREU ALTA";17995;7322
2016/01/01;2;TOGORES;32;12
2016/01/01;3;"CA N´ORIAC";19023;7091
2016/01/01;3;NORD;13621;5179
2016/01/01;3;"SANT JULIÀ";2036;803
2016/01/01;4;BERARDO;9149;3237
2016/01/01;4;"CAN RULL";16813;6484
2016/01/01;4;CONCÒRDIA;12686;4838
2016/01/01;5;"CAN FEU";9619;3817
2016/01/01;5;GRÀCIA;9842;3902
2016/01/01;5;OEST;44;17
2016/01/01;6;"CREU DE BARBERÀ";19866;7828
2016/01/01;6;"SANT PAU";12;11
2016/01/01;6;SUD;9319;3517
2016/01/01;7;EST;24;11
2016/01/01;7;"LA SERRA";8643;3133
2016/04/01;1;CENTRE;32968;12933
2016/04/01;1;"SANT OLEGUER";20473;8087
2016/04/01;2;"CAN PUIGGENER";6238;2078
2016/04/01;2;"CREU ALTA";17994;7331
2016/04/01;2;TOGORES;37;13
2016/04/01;3;"CA N´ORIAC";18960;7090
2016/04/01;3;NORD;13656;5185
2016/04/01;3;"SANT JULIÀ";2063;809
2016/04/01;4;BERARDO;9218;3259
2016/04/01;4;"CAN RULL";16740;6460
2016/04/01;4;CONCÒRDIA;12681;4848
2016/04/01;5;"CAN FEU";9661;3825
2016/04/01;5;GRÀCIA;9889;3921
2016/04/01;5;OEST;44;17
2016/04/01;6;"CREU DE BARBERÀ";19880;7844
2016/04/01;6;"SANT PAU";15;11
2016/04/01;6;SUD;9382;3523
2016/04/01;7;EST;24;11
2016/04/01;7;"LA SERRA";8644;3131
2016/07/01;1;CENTRE;33031;12968
2016/07/01;1;"SANT OLEGUER";20451;8094
2016/07/01;2;"CAN PUIGGENER";6210;2096
2016/07/01;2;"CREU ALTA";18002;7335
2016/07/01;2;TOGORES;37;13
2016/07/01;3;"CA N´ORIAC";19054;7112
2016/07/01;3;NORD;13640;5187
2016/07/01;3;"SANT JULIÀ";2086;818
2016/07/01;4;BERARDO;9277;3284
2016/07/01;4;"CAN RULL";16702;6469
2016/07/01;4;CONCÒRDIA;12607;4844
2016/07/01;5;"CAN FEU";9729;3853
2016/07/01;5;GRÀCIA;9904;3921
2016/07/01;5;OEST;43;17
2016/07/01;6;"CREU DE BARBERÀ";19933;7853
2016/07/01;6;"SANT PAU";14;10
2016/07/01;6;SUD;9391;3531
2016/07/01;7;EST;24;11
2016/07/01;7;"LA SERRA";8645;3149
2016/10/01;1;CENTRE;33132;12970
2016/10/01;1;"SANT OLEGUER";20550;8122
2016/10/01;2;"CAN PUIGGENER";6210;2105
2016/10/01;2;"CREU ALTA";18077;7374
2016/10/01;2;TOGORES;37;13
2016/10/01;3;"CA N´ORIAC";19088;7113
2016/10/01;3;NORD;13625;5196
2016/10/01;3;"SANT JULIÀ";2104;818
2016/10/01;4;BERARDO;9345;3306
2016/10/01;4;"CAN RULL";16756;6472
2016/10/01;4;CONCÒRDIA;12658;4856
2016/10/01;5;"CAN FEU";9799;3856
2016/10/01;5;GRÀCIA;9911;3920
2016/10/01;5;OEST;42;16
2016/10/01;6;"CREU DE BARBERÀ";20027;7869
2016/10/01;6;"SANT PAU";15;10
2016/10/01;6;SUD;9374;3534
2016/10/01;7;EST;27;12
2016/10/01;7;"LA SERRA";8657;3151
2017/01/01;1;CENTRE;35557;14001
2017/01/01;1;"SANT OLEGUER";18246;7284
2017/01/01;2;"CAN PUIGGENER";6276;2118
2017/01/01;2;"CREU ALTA";18126;7381
2017/01/01;2;TOGORES;36;13
2017/01/01;3;"CA N¦ORIAC";19072;7122
2017/01/01;3;NORD;13676;5205
2017/01/01;3;"SANT JULI+";322;184
2017/01/01;4;BERARDO;11165;4055
2017/01/01;4;"CAN RULL";16457;6341
2017/01/01;4;CONCÊRDIA;13030;5007
2017/01/01;5;"CAN FEU";9857;3868
2017/01/01;5;GR+CIA;9948;3937
2017/01/01;5;OEST;47;17
2017/01/01;6;"CREU DE BARBER+";20240;7862
2017/01/01;6;"SANT PAU";16;10
2017/01/01;6;SUD;9307;3575
2017/01/01;7;EST;32;12
2017/01/01;7;"LA SERRA";8651;3157
2017/04/01;1;CENTRE;35722;14045
2017/04/01;1;"SANT OLEGUER";18380;7309
2017/04/01;2;"CAN PUIGGENER";6277;2120
2017/04/01;2;"CREU ALTA";18206;7410
2017/04/01;2;TOGORES;36;13
2017/04/01;3;"CA N'ORIAC";19118;7142
2017/04/01;3;NORD;13707;5204
2017/04/01;3;"SANT JULIÀ";2104;817
2017/04/01;4;BERARDO;9424;3316
2017/04/01;4;"CAN RULL";16876;6478
2017/04/01;4;CONCÒRDIA;12661;4854
2017/04/01;5;"CAN FEU";9898;3870
2017/04/01;5;GRÀCIA;9972;3943
2017/04/01;5;OEST;47;17
2017/04/01;6;"CREU DE BARBERÀ";20246;7902
2017/04/01;6;"SANT PAU";16;10
2017/04/01;6;SUD;9434;3559
2017/04/01;7;EST;31;11
2017/04/01;7;"LA SERRA";8645;3155
2017/07/01;1;CENTRE;35686;14067
2017/07/01;1;"SANT OLEGUER";18427;7323
2017/07/01;2;"CAN PUIGGENER";6345;2121
2017/07/01;2;"CREU ALTA";18160;7415
2017/07/01;2;TOGORES;36;13
2017/07/01;3;"CA N'ORIAC";19189;7170
2017/07/01;3;NORD;13663;5203
2017/07/01;3;"SANT JULIÀ";2109;820
2017/07/01;4;BERARDO;9467;3324
2017/07/01;4;"CAN RULL";16909;6503
2017/07/01;4;CONCÒRDIA;12635;4859
2017/07/01;5;"CAN FEU";9869;3875
2017/07/01;5;GRÀCIA;9982;3956
2017/07/01;5;OEST;47;17
2017/07/01;6;"CREU DE BARBERÀ";20266;7924
2017/07/01;6;"SANT PAU";17;10
2017/07/01;6;SUD;9487;3569
2017/07/01;7;EST;31;12
2017/07/01;7;"LA SERRA";8678;3159
2017/10/01;1;CENTRE;35796;14094
2017/10/01;1;"SANT OLEGUER";18343;7298
2017/10/01;2;"CAN PUIGGENER";6383;2134
2017/10/01;2;"CREU ALTA";18172;7423
2017/10/01;2;TOGORES;36;13
2017/10/01;3;"CA N'ORIAC";19293;7198
2017/10/01;3;NORD;13630;5202
2017/10/01;3;"SANT JULIÀ";2139;829
2017/10/01;4;BERARDO;9536;3331
2017/10/01;4;"CAN RULL";16966;6515
2017/10/01;4;CONCÒRDIA;12657;4860
2017/10/01;5;"CAN FEU";9962;3895
2017/10/01;5;GRÀCIA;10003;3952
2017/10/01;5;OEST;48;17
2017/10/01;6;"CREU DE BARBERÀ";20324;7955
2017/10/01;6;"SANT PAU";19;10
2017/10/01;6;SUD;9463;3575
2017/10/01;7;EST;31;12
2017/10/01;7;"LA SERRA";8742;3169
2018/01/01;1;"EL CENTRE";35901;14144
2018/01/01;1;"SANT OLEGUER";18263;7292
2018/01/01;2;"CAN PUIGGENER";6407;2138
2018/01/01;2;"LA CREU ALTA";18231;7437
2018/01/01;2;TOGORES;36;13
2018/01/01;3;"CA N'ORIAC";19273;7217
2018/01/01;3;NORD;13635;5217
2018/01/01;3;"SANT JULIÀ D'ALTURA";2130;825
2018/01/01;4;BERARDO;9559;3337
2018/01/01;4;"CAN RULL";16972;6540
2018/01/01;4;"LA CONCÒRDIA";12646;4855
2018/01/01;5;"CAN FEU";10024;3915
2018/01/01;5;GRÀCIA;10007;3971
2018/01/01;5;OEST;49;17
2018/01/01;6;"LA CREU DE BARBERÀ";20331;7968
2018/01/01;6;"SANT PAU DE RIU-SEC";20;11
2018/01/01;6;SUD;9507;3577
2018/01/01;7;EST;31;12
2018/01/01;7;"LA SERRA DE SANT ISCLE";8772;3175
2018/04/01;1;"EL CENTRE";35970;14171
2018/04/01;1;"SANT OLEGUER";18341;7339
2018/04/01;2;"CAN PUIGGENER";6410;2143
2018/04/01;2;"LA CREU ALTA";18294;7459
2018/04/01;2;TOGORES;35;12
2018/04/01;3;"CA N'ORIAC";19301;7219
2018/04/01;3;NORD;13628;5227
2018/04/01;3;"SANT JULIÀ D'ALTURA";2124;826
2018/04/01;4;BERARDO;9559;3350
2018/04/01;4;"CAN RULL";16999;6539
2018/04/01;4;"LA CONCÒRDIA";12613;4861
2018/04/01;5;"CAN FEU";10034;3922
2018/04/01;5;GRÀCIA;10034;3981
2018/04/01;5;OEST;49;17
2018/04/01;6;"LA CREU DE BARBERÀ";20336;7983
2018/04/01;6;"SANT PAU DE RIU-SEC";18;11
2018/04/01;6;SUD;9532;3590
2018/04/01;7;EST;31;13
2018/04/01;7;"LA SERRA DE SANT ISCLE";8804;3184
2018/07/01;1;"EL CENTRE";36456;14289
2018/07/01;1;"SANT OLEGUER";17990;7077
2018/07/01;2;"CAN PUIGGENER";6457;2161
2018/07/01;2;"LA CREU ALTA";18294;7441
2018/07/01;2;TOGORES;36;13
2018/07/01;3;"CA N'ORIAC";19419;7249
2018/07/01;3;NORD;13658;5214
2018/07/01;3;"SANT JULIÀ D'ALTURA";53;21
2018/07/01;4;BERARDO;11699;4166
2018/07/01;4;"CAN RULL";16604;6382
2018/07/01;4;"LA CONCÒRDIA";13150;5046
2018/07/01;5;"CAN FEU";10045;3938
2018/07/01;5;GRÀCIA;10013;3992
2018/07/01;5;OEST;47;17
2018/07/01;6;"LA CREU DE BARBERÀ";20592;7988
2018/07/01;6;"SANT PAU DE RIU-SEC";18;11
2018/07/01;6;SUD;9469;3611
2018/07/01;7;EST;31;13
2018/07/01;7;"LA SERRA DE SANT ISCLE";8876;3199
2018/10/01;1;"EL CENTRE";36563;14300
2018/10/01;1;"SANT OLEGUER";18029;7100
2018/10/01;2;"CAN PUIGGENER";6516;2172
2018/10/01;2;"LA CREU ALTA";18343;7460
2018/10/01;2;TOGORES;36;13
2018/10/01;3;"CA N'ORIAC";19390;7246
2018/10/01;3;NORD;13789;5231
2018/10/01;3;"SANT JULIÀ D'ALTURA";52;20
2018/10/01;4;BERARDO;11751;4166
2018/10/01;4;"CAN RULL";16625;6380
2018/10/01;4;"LA CONCÒRDIA";13147;5046
2018/10/01;5;"CAN FEU";10022;3947
2018/10/01;5;GRÀCIA;10030;4003
2018/10/01;5;OEST;47;17
2018/10/01;6;"LA CREU DE BARBERÀ";20692;8003
2018/10/01;6;"SANT PAU DE RIU-SEC";17;11
2018/10/01;6;SUD;9464;3598
2018/10/01;7;EST;28;12
2018/10/01;7;"LA SERRA DE SANT ISCLE";8888;3203
2019/01/01;1;"EL CENTRE";36584;14338
2019/01/01;1;"SANT OLEGUER";18087;7108
2019/01/01;2;"CAN PUIGGENER";6563;2184
2019/01/01;2;"LA CREU ALTA";18358;7482
2019/01/01;2;TOGORES;36;13
2019/01/01;3;"CA N'ORIAC";19467;7254
2019/01/01;3;NORD;13700;5232
2019/01/01;3;"SANT JULIÀ D'ALTURA";52;20
2019/01/01;4;BERARDO;11736;4165
2019/01/01;4;"CAN RULL";16682;6404
2019/01/01;4;"LA CONCÒRDIA";13144;5068
2019/01/01;5;"CAN FEU";9991;3943
2019/01/01;5;GRÀCIA;9992;4008
2019/01/01;5;OEST;48;17
2019/01/01;6;"LA CREU DE BARBERÀ";20764;8009
2019/01/01;6;"SANT PAU DE RIU-SEC";19;11
2019/01/01;6;SUD;9461;3612
2019/01/01;7;EST;27;11
2019/01/01;7;"LA SERRA DE SANT ISCLE";8946;3215
2019/04/01;1;"EL CENTRE";36717;14365
2019/04/01;1;"SANT OLEGUER";18199;7119
2019/04/01;2;"CAN PUIGGENER";6632;2201
2019/04/01;2;"LA CREU ALTA";18358;7507
2019/04/01;2;TOGORES;38;14
2019/04/01;3;"CA N'ORIAC";19497;7262
2019/04/01;3;NORD;13776;5237
2019/04/01;3;"SANT JULIÀ D'ALTURA";52;20
2019/04/01;4;BERARDO;11792;4174
2019/04/01;4;"CAN RULL";16712;6422
2019/04/01;4;"LA CONCÒRDIA";13151;5077
2019/04/01;5;"CAN FEU";10021;3936
2019/04/01;5;GRÀCIA;10061;4027
2019/04/01;5;OEST;48;16
2019/04/01;6;"LA CREU DE BARBERÀ";20831;8018
2019/04/01;6;"SANT PAU DE RIU-SEC";19;11
2019/04/01;6;SUD;9485;3618
2019/04/01;7;EST;25;11
2019/04/01;7;"LA SERRA DE SANT ISCLE";8998;3230
2019/07/01;1;"EL CENTRE";36744;14382
2019/07/01;1;"SANT OLEGUER";18184;7139
2019/07/01;2;"CAN PUIGGENER";6704;2210
2019/07/01;2;"LA CREU ALTA";18447;7520
2019/07/01;2;TOGORES;39;14
2019/07/01;3;"CA N'ORIAC";19508;7263
2019/07/01;3;NORD;13860;5253
2019/07/01;3;"SANT JULIÀ D'ALTURA";51;20
2019/07/01;4;BERARDO;11814;4186
2019/07/01;4;"CAN RULL";16680;6415
2019/07/01;4;"LA CONCÒRDIA";13156;5068
2019/07/01;5;"CAN FEU";10049;3954
2019/07/01;5;GRÀCIA;10155;4049
2019/07/01;5;OEST;50;17
2019/07/01;6;"LA CREU DE BARBERÀ";20914;8021
2019/07/01;6;"SANT PAU DE RIU-SEC";19;11
2019/07/01;6;SUD;9572;3630
2019/07/01;7;EST;25;11
2019/07/01;7;"LA SERRA DE SANT ISCLE";9005;3231
2019/10/01;1;"EL CENTRE";36918;14434
2019/10/01;1;"SANT OLEGUER";18182;7135
2019/10/01;2;"CAN PUIGGENER";6670;2203
2019/10/01;2;"LA CREU ALTA";18495;7538
2019/10/01;2;TOGORES;36;14
2019/10/01;3;"CA N'ORIAC";19584;7284
2019/10/01;3;NORD;13873;5263
2019/10/01;3;"SANT JULIÀ D'ALTURA";54;20
2019/10/01;4;BERARDO;11817;4185
2019/10/01;4;"CAN RULL";16745;6432
2019/10/01;4;"LA CONCÒRDIA";13173;5066
2019/10/01;5;"CAN FEU";10094;3958
2019/10/01;5;GRÀCIA;10200;4064
2019/10/01;5;OEST;50;17
2019/10/01;6;"LA CREU DE BARBERÀ";20984;8036
2019/10/01;6;"SANT PAU DE RIU-SEC";23;11
2019/10/01;6;SUD;9605;3638
2019/10/01;7;EST;25;10
2019/10/01;7;"LA SERRA DE SANT ISCLE";8971;3228
2020/01/01;1;"EL CENTRE";37119;14503
2020/01/01;1;"SANT OLEGUER";18219;7144
2020/01/01;2;"CAN PUIGGENER";6745;2207
2020/01/01;2;"LA CREU ALTA";18591;7573
2020/01/01;2;TOGORES;38;15
2020/01/01;3;"CA N'ORIAC";19614;7283
2020/01/01;3;NORD;13965;5273
2020/01/01;3;"SANT JULIÀ D'ALTURA";54;20
2020/01/01;4;BERARDO;11849;4190
2020/01/01;4;"CAN RULL";16759;6427
2020/01/01;4;"LA CONCÒRDIA";13223;5072
2020/01/01;5;"CAN FEU";10195;3971
2020/01/01;5;GRÀCIA;10250;4086
2020/01/01;5;OEST;45;18
2020/01/01;6;"LA CREU DE BARBERÀ";21129;8048
2020/01/01;6;"SANT PAU DE RIU-SEC";21;9
2020/01/01;6;SUD;9642;3631
2020/01/01;7;EST;31;11
2020/01/01;7;"LA SERRA DE SANT ISCLE";9022;3243
2020/04/01;1;"EL CENTRE";37143;14508
2020/04/01;1;"SANT OLEGUER";18257;7157
2020/04/01;2;"CAN PUIGGENER";6704;2212
2020/04/01;2;"LA CREU ALTA";18617;7574
2020/04/01;2;TOGORES;39;15
2020/04/01;3;"CA N'ORIAC";19587;7275
2020/04/01;3;NORD;13952;5260
2020/04/01;3;"SANT JULIÀ D'ALTURA";55;20
2020/04/01;4;BERARDO;11883;4191
2020/04/01;4;"CAN RULL";16812;6429
2020/04/01;4;"LA CONCÒRDIA";13280;5073
2020/04/01;5;"CAN FEU";10175;3963
2020/04/01;5;GRÀCIA;10252;4084
2020/04/01;5;OEST;46;18
2020/04/01;6;"LA CREU DE BARBERÀ";21225;8041
2020/04/01;6;"SANT PAU DE RIU-SEC";22;9
2020/04/01;6;SUD;9679;3623
2020/04/01;7;EST;37;12
2020/04/01;7;"LA SERRA DE SANT ISCLE";9000;3239
2020/07/01;1;"EL CENTRE";37091;14516
2020/07/01;1;"SANT OLEGUER";18166;7147
2020/07/01;2;"CAN PUIGGENER";6694;2210
2020/07/01;2;"LA CREU ALTA";18638;7578
2020/07/01;2;TOGORES;37;14
2020/07/01;3;"CA N'ORIAC";19605;7282
2020/07/01;3;NORD;13927;5249
2020/07/01;3;"SANT JULIÀ D'ALTURA";54;20
2020/07/01;4;BERARDO;11889;4187
2020/07/01;4;"CAN RULL";16764;6421
2020/07/01;4;"LA CONCÒRDIA";13285;5073
2020/07/01;5;"CAN FEU";10158;3963
2020/07/01;5;GRÀCIA;10255;4078
2020/07/01;5;OEST;46;18
2020/07/01;6;"LA CREU DE BARBERÀ";21227;8037
2020/07/01;6;"SANT PAU DE RIU-SEC";16;9
2020/07/01;6;SUD;9674;3613
2020/07/01;7;EST;37;12
2020/07/01;7;"LA SERRA DE SANT ISCLE";9021;3246
2020/10/01;1;"EL CENTRE";37140;14571
2020/10/01;1;"SANT OLEGUER";18247;7176
2020/10/01;2;"CAN PUIGGENER";6745;2213
2020/10/01;2;"LA CREU ALTA";18666;7610
2020/10/01;2;TOGORES;40;14
2020/10/01;3;"CA N´ORIAC";19686;7306
2020/10/01;3;NORD;13958;5268
2020/10/01;3;"SANT JULIÀ D´ALTURA";52;19
2020/10/01;4;BERARDO;11901;4184
2020/10/01;4;"CAN RULL";16883;6444
2020/10/01;4;"LA CONCÒRDIA";13240;5057
2020/10/01;5;"CAN FEU";10283;4008
2020/10/01;5;GRÀCIA;10263;4076
2020/10/01;5;OEST;46;18
2020/10/01;6;"LA CREU DE BARBERÀ";21339;8056
2020/10/01;6;"SANT PAU DE RIU-SEC";16;9
2020/10/01;6;SUD;9707;3628
2020/10/01;7;EST;36;13
2020/10/01;7;"LA SERRA DE SANT ISCLE";9056;3250
2021/01/01;1;"EL CENTRE";37073;14607
2021/01/01;1;"SANT OLEGUER";18194;7208
2021/01/01;2;"CAN PUIGGENER";6680;2213
2021/01/01;2;"LA CREU ALTA";18601;7638
2021/01/01;2;TOGORES;40;13
2021/01/01;3;"CA N´ORIAC";19530;7293
2021/01/01;3;NORD;13870;5264
2021/01/01;3;"SANT JULIÀ D´ALTURA";57;20
2021/01/01;4;BERARDO;11923;4212
2021/01/01;4;"CAN RULL";16741;6440
2021/01/01;4;"LA CONCÒRDIA";13167;5049
2021/01/01;5;"CAN FEU";10258;4016
2021/01/01;5;GRÀCIA;10249;4085
2021/01/01;5;OEST;39;18
2021/01/01;6;"LA CREU DE BARBERÀ";21213;8085
2021/01/01;6;"SANT PAU DE RIU-SEC";16;9
2021/01/01;6;SUD;9585;3625
2021/01/01;7;EST;37;13
2021/01/01;7;"LA SERRA DE SANT ISCLE";9016;3256
2021/04/01;1;"EL CENTRE";37294;14644
2021/04/01;1;"SANT OLEGUER";18218;7222
2021/04/01;2;"CAN PUIGGENER";6651;2208
2021/04/01;2;"LA CREU ALTA";18536;7625
2021/04/01;2;TOGORES;39;14
2021/04/01;3;"CA N´ORIAC";19549;7301
2021/04/01;3;NORD;13732;5247
2021/04/01;3;"SANT JULIÀ D´ALTURA";58;21
2021/04/01;4;BERARDO;12031;4261
2021/04/01;4;"CAN RULL";16755;6442
2021/04/01;4;"LA CONCÒRDIA";13195;5044
2021/04/01;5;"CAN FEU";10318;4029
2021/04/01;5;GRÀCIA;10286;4086
2021/04/01;5;OEST;38;17
2021/04/01;6;"LA CREU DE BARBERÀ";21198;8074
2021/04/01;6;"SANT PAU DE RIU-SEC";14;8
2021/04/01;6;SUD;9625;3623
2021/04/01;7;EST;39;14
2021/04/01;7;"LA SERRA DE SANT ISCLE";9010;3251
2012/01/01;1;"EL CENTRE";32825;13140
2012/01/01;1;"SANT OLEGUER";19340;7724
2012/01/01;2;"CAN PUIGGENER";6620;2098
2012/01/01;2;"LA CREU ALTA";17943;7237
2012/01/01;2;TOGORES;35;11
2012/01/01;3;"CA N´ORIAC";19573;7153
2012/01/01;3;NORD;14202;5237
2012/01/01;3;"SANT JULIÀ D´ALTURA";1315;493
2012/01/01;4;BERARDO;8277;3050
2012/01/01;4;"CAN RULL";17215;6460
2012/01/01;4;"LA CONCÒRDIA";13132;4900
2012/01/01;5;"CAN FEU";9529;3731
2012/01/01;5;GRÀCIA;9589;3772
2012/01/01;5;OEST;52;17
2012/01/01;6;"LA CREU DE BARBERÀ";20326;7742
2012/01/01;6;"SANT PAU DE RIU-SEC";19;10
2012/01/01;6;SUD;9578;3545
2012/01/01;7;EST;29;12
2012/01/01;7;"LA SERRA DE SANT ISCLE";8551;3025
2021/07/01;1;"EL CENTRE";37231;14673
2021/07/01;1;"SANT OLEGUER";18228;7251
2021/07/01;2;"CAN PUIGGENER";6651;2211
2021/07/01;2;"LA CREU ALTA";18525;7631
2021/07/01;2;TOGORES;41;14
2021/07/01;3;"CA N´ORIAC";19444;7278
2021/07/01;3;NORD;13629;5248
2021/07/01;3;"SANT JULIÀ D´ALTURA";59;21
2021/07/01;4;BERARDO;12122;4301
2021/07/01;4;"CAN RULL";16691;6444
2021/07/01;4;"LA CONCÒRDIA";13147;5060
2021/07/01;5;"CAN FEU";10312;4027
2021/07/01;5;GRÀCIA;10353;4103
2021/07/01;5;OEST;38;17
2021/07/01;6;"LA CREU DE BARBERÀ";21114;8068
2021/07/01;6;"SANT PAU DE RIU-SEC";14;8
2021/07/01;6;SUD;9649;3636
2021/07/01;7;EST;37;14
2021/07/01;7;"LA SERRA DE SANT ISCLE";9046;3267
2022/10/01;1;"EL CENTRE";37653;14920
2022/10/01;1;"SANT OLEGUER";18676;7501
2022/10/01;2;"CAN PUIGGENER";6778;2235
2022/10/01;2;"LA CREU ALTA";18654;7718
2022/10/01;2;TOGORES;45;16
2022/10/01;3;"CA N'ORIAC";19504;7328
2022/10/01;3;NORD;13496;5258
2022/10/01;3;"SANT JULIÀ D'ALTURA";68;21
2022/10/01;4;BERARDO;12279;4370
2022/10/01;4;"CAN RULL";16639;6510
2022/10/01;4;"LA CONCÒRDIA";13034;5045
2022/10/01;5;"CAN FEU";10496;4114
2022/10/01;5;GRÀCIA;10400;4174
2022/10/01;5;OEST;43;17
2022/10/01;6;"LA CREU DE BARBERÀ";21233;8127
2022/10/01;6;"SANT PAU DE RIU-SEC";18;8
2022/10/01;6;SUD;9761;3626
2022/10/01;7;EST;40;18
2022/10/01;7;"LA SERRA DE SANT ISCLE";9076;3299
2021/10/01;1;"EL CENTRE";37235;14694
2021/10/01;1;"SANT OLEGUER";18210;7281
2021/10/01;2;"CAN PUIGGENER";6654;2209
2021/10/01;2;"LA CREU ALTA";18518;7630
2021/10/01;2;TOGORES;41;14
2021/10/01;3;"CA N'ORIAC";19410;7281
2021/10/01;3;NORD;13547;5255
2021/10/01;3;"SANT JULIÀ D'ALTURA";59;21
2021/10/01;4;BERARDO;12167;4324
2021/10/01;4;"CAN RULL";16594;6458
2021/10/01;4;"LA CONCÒRDIA";13065;5046
2021/10/01;5;"CAN FEU";10319;4046
2021/10/01;5;GRÀCIA;10357;4121
2021/10/01;5;OEST;38;17
2021/10/01;6;"LA CREU DE BARBERÀ";21002;8067
2021/10/01;6;"SANT PAU DE RIU-SEC";15;8
2021/10/01;6;SUD;9674;3640
2021/10/01;7;EST;37;14
2021/10/01;7;"LA SERRA DE SANT ISCLE";9049;3267
2023/01/01;1;"EL CENTRE";37828;15002
2023/01/01;1;"SANT OLEGUER";18723;7530
2023/01/01;2;"CAN PUIGGENER";6825;2235
2023/01/01;2;"LA CREU ALTA";18761;7766
2023/01/01;2;TOGORES;44;16
2023/01/01;3;"CA N'ORIAC";19447;7349
2023/01/01;3;NORD;13470;5262
2023/01/01;3;"SANT JULIÀ D'ALTURA";68;21
2023/01/01;4;BERARDO;12306;4388
2023/01/01;4;"CAN RULL";16651;6516
2023/01/01;4;"LA CONCÒRDIA";12946;5031
2023/01/01;5;"CAN FEU";10527;4151
2023/01/01;5;GRÀCIA;10433;4188
2023/01/01;5;OEST;43;17
2023/01/01;6;"LA CREU DE BARBERÀ";21296;8155
2023/01/01;6;"SANT PAU DE RIU-SEC";17;7
2023/01/01;6;SUD;9854;3636
2023/01/01;7;EST;40;18
2023/01/01;7;"LA SERRA DE SANT ISCLE";9066;3289
2022/01/01;1;"EL CENTRE";37298;14761
2022/01/01;1;"SANT OLEGUER";18277;7330
2022/01/01;2;"CAN PUIGGENER";6685;2213
2022/01/01;2;"LA CREU ALTA";18433;7632
2022/01/01;2;TOGORES;44;15
2022/01/01;3;"CA N'ORIAC";19345;7292
2022/01/01;3;NORD;13502;5243
2022/01/01;3;"SANT JULIÀ D'ALTURA";61;22
2022/01/01;4;BERARDO;12226;4351
2022/01/01;4;"CAN RULL";16530;6452
2022/01/01;4;"LA CONCÒRDIA";12996;5037
2022/01/01;5;"CAN FEU";10287;4040
2022/01/01;5;GRÀCIA;10331;4126
2022/01/01;5;OEST;40;17
2022/01/01;6;"LA CREU DE BARBERÀ";20956;8068
2022/01/01;6;"SANT PAU DE RIU-SEC";16;8
2022/01/01;6;SUD;9604;3631
2022/01/01;7;EST;38;16
2022/01/01;7;"LA SERRA DE SANT ISCLE";9032;3276
2023/04/01;1;"EL CENTRE";38112;15085
2023/04/01;1;"SANT OLEGUER";18806;7571
2023/04/01;2;"CAN PUIGGENER";6807;2241
2023/04/01;2;"LA CREU ALTA";18865;7796
2023/04/01;2;TOGORES;43;16
2023/04/01;3;"CA N'ORIAC";19606;7398
2023/04/01;3;NORD;13490;5261
2023/04/01;3;"SANT JULIÀ D'ALTURA";68;22
2023/04/01;4;BERARDO;12316;4396
2023/04/01;4;"CAN RULL";16696;6518
2023/04/01;4;"LA CONCÒRDIA";13036;5050
2023/04/01;5;"CAN FEU";10615;4173
2023/04/01;5;GRÀCIA;10438;4183
2023/04/01;5;OEST;42;18
2023/04/01;6;"LA CREU DE BARBERÀ";21469;8207
2023/04/01;6;"SANT PAU DE RIU-SEC";17;7
2023/04/01;6;SUD;9946;3657
2023/04/01;7;EST;38;17
2023/04/01;7;"LA SERRA DE SANT ISCLE";9130;3285
2022/04/01;1;"EL CENTRE";37520;14831
2022/04/01;1;"SANT OLEGUER";18485;7408
2022/04/01;2;"CAN PUIGGENER";6740;2221
2022/04/01;2;"LA CREU ALTA";18528;7658
2022/04/01;2;TOGORES;44;15
2022/04/01;3;"CA N'ORIAC";19392;7315
2022/04/01;3;NORD;13512;5259
2022/04/01;3;"SANT JULIÀ D'ALTURA";68;21
2022/04/01;4;BERARDO;12235;4357
2022/04/01;4;"CAN RULL";16558;6468
2022/04/01;4;"LA CONCÒRDIA";12973;5034
2022/04/01;5;"CAN FEU";10411;4080
2022/04/01;5;GRÀCIA;10398;4153
2022/04/01;5;OEST;40;18
2022/04/01;6;"LA CREU DE BARBERÀ";21066;8086
2022/04/01;6;"SANT PAU DE RIU-SEC";15;7
2022/04/01;6;SUD;9681;3638
2022/04/01;7;EST;39;17
2022/04/01;7;"LA SERRA DE SANT ISCLE";9038;3280
2023/07/01;1;"EL CENTRE";38647;15209
2023/07/01;1;"SANT OLEGUER";18962;7623
2023/07/01;2;"CAN PUIGGENER";6878;2263
2023/07/01;2;"LA CREU ALTA";19080;7873
2023/07/01;2;TOGORES;43;16
2023/07/01;3;"CA N'ORIAC";19805;7414
2023/07/01;3;NORD;13582;5276
2023/07/01;3;"SANT JULIÀ D'ALTURA";68;22
2023/07/01;4;BERARDO;12357;4410
2023/07/01;4;"CAN RULL";16827;6553
2023/07/01;4;"LA CONCÒRDIA";13077;5068
2023/07/01;5;"CAN FEU";10779;4224
2023/07/01;5;GRÀCIA;10467;4178
2023/07/01;5;OEST;44;19
2023/07/01;6;"LA CREU DE BARBERÀ";21650;8232
2023/07/01;6;"SANT PAU DE RIU-SEC";22;7
2023/07/01;6;SUD;10033;3677
2023/07/01;7;EST;38;17
2023/07/01;7;"LA SERRA DE SANT ISCLE";9237;3304
2022/07/01;1;"EL CENTRE";37645;14892
2022/07/01;1;"SANT OLEGUER";18538;7458
2022/07/01;2;"CAN PUIGGENER";6772;2235
2022/07/01;2;"LA CREU ALTA";18600;7693
2022/07/01;2;TOGORES;41;15
2022/07/01;3;"CA N'ORIAC";19438;7332
2022/07/01;3;NORD;13491;5264
2022/07/01;3;"SANT JULIÀ D'ALTURA";68;21
2022/07/01;4;BERARDO;12247;4368
2022/07/01;4;"CAN RULL";16654;6503
2022/07/01;4;"LA CONCÒRDIA";12949;5038
2022/07/01;5;"CAN FEU";10478;4093
2022/07/01;5;GRÀCIA;10427;4172
2022/07/01;5;OEST;40;18
2022/07/01;6;"LA CREU DE BARBERÀ";21168;8129
2022/07/01;6;"SANT PAU DE RIU-SEC";15;7
2022/07/01;6;SUD;9728;3632
2022/07/01;7;EST;43;18
2022/07/01;7;"LA SERRA DE SANT ISCLE";9076;3300
