DataOficial;Districte;Sector;NomesNacionals;NomesEstrangers;Mixtes
2014/01/01;1;CENTRE;11665;338;652
2014/01/01;1;"SANT OLEGUER";7201;337;478
2014/01/01;2;"CAN PUIGGENER";1585;299;213
2014/01/01;2;"CREU ALTA";6582;271;418
2014/01/01;2;TOGORES;10;0;1
2014/01/01;3;"CA N´ORIAC";6227;386;466
2014/01/01;3;NORD;4759;154;258
2014/01/01;3;"SANT JULIÀ";638;12;21
2014/01/01;4;BERARDO;2958;41;122
2014/01/01;4;"CAN RULL";5779;315;354
2014/01/01;4;CONCÒRDIA;4298;206;321
2014/01/01;5;"CAN FEU";3418;204;212
2014/01/01;5;GRÀCIA;3441;156;221
2014/01/01;5;OEST;15;0;3
2014/01/01;6;"CREU DE BARBERÀ";6597;582;581
2014/01/01;6;"SANT PAU";9;1;0
2014/01/01;6;SUD;2879;274;344
2014/01/01;7;EST;11;0;0
2014/01/01;7;"LA SERRA";2681;194;191
2013/01/01;1;CENTRE;11601;375;641
2013/01/01;1;"SANT OLEGUER";7177;342;475
2013/01/01;2;"CAN PUIGGENER";1576;314;212
2013/01/01;2;"CREU ALTA";6579;272;389
2013/01/01;2;TOGORES;10;0;1
2013/01/01;3;"CA N'ORIAC";6239;402;474
2013/01/01;3;NORD;4742;163;279
2013/01/01;3;"SANT JULIÀ";492;8;11
2013/01/01;4;BERARDO;2923;43;118
2013/01/01;4;"CAN RULL";5748;343;363
2013/01/01;4;CONCÒRDIA;4299;216;338
2013/01/01;5;"CAN FEU";3396;195;199
2013/01/01;5;GRÀCIA;3431;168;211
2013/01/01;5;OEST;15;0;2
2013/01/01;6;"CREU DE BARBERÀ";6494;596;587
2013/01/01;6;"SANT PAU";9;1;0
2013/01/01;6;SUD;2877;294;337
2013/01/01;7;EST;12;0;0
2013/01/01;7;"LA SERRA";2647;223;180
2014/07/01;1;CENTRE;11707;312;646
2014/07/01;1;"SANT OLEGUER";7225;324;492
2014/07/01;2;"CAN PUIGGENER";1586;280;232
2014/07/01;2;"CREU ALTA";6593;243;439
2014/07/01;2;TOGORES;11;0;0
2014/07/01;3;"CA N´ORIAC";6232;361;493
2014/07/01;3;NORD;4766;146;262
2014/07/01;3;"SANT JULIÀ";730;11;27
2014/07/01;4;BERARDO;2989;32;120
2014/07/01;4;"CAN RULL";5778;301;358
2014/07/01;4;CONCÒRDIA;4285;193;346
2014/07/01;5;"CAN FEU";3439;187;227
2014/07/01;5;GRÀCIA;3496;157;232
2014/07/01;5;OEST;16;0;2
2014/07/01;6;"CREU DE BARBERÀ";6591;546;620
2014/07/01;6;"SANT PAU";9;0;0
2014/07/01;6;SUD;2882;260;344
2014/07/01;7;EST;11;0;0
2014/07/01;7;"LA SERRA";2722;184;201
2014/10/01;1;CENTRE;11745;308;643
2014/10/01;1;"SANT OLEGUER";7249;309;481
2014/10/01;2;"CAN PUIGGENER";1595;264;237
2014/10/01;2;"CREU ALTA";6620;237;432
2014/10/01;2;TOGORES;11;0;0
2014/10/01;3;"CA N´ORIAC";6224;351;500
2014/10/01;3;NORD;4780;146;252
2014/10/01;3;"SANT JULIÀ";748;11;25
2014/10/01;4;BERARDO;3006;34;118
2014/10/01;4;"CAN RULL";5772;291;363
2014/10/01;4;CONCÒRDIA;4304;190;345
2014/10/01;5;"CAN FEU";3445;183;220
2014/10/01;5;GRÀCIA;3513;156;239
2014/10/01;5;OEST;15;1;1
2014/10/01;6;"CREU DE BARBERÀ";6606;535;616
2014/10/01;6;"SANT PAU";9;0;0
2014/10/01;6;SUD;2884;251;359
2014/10/01;7;EST;11;0;0
2014/10/01;7;"LA SERRA";2726;174;203
2015/01/01;1;CENTRE;11813;321;641
2015/01/01;1;"SANT OLEGUER";7270;287;476
2015/01/01;2;"CAN PUIGGENER";1606;267;237
2015/01/01;2;"CREU ALTA";6635;233;427
2015/01/01;2;TOGORES;11;0;0
2015/01/01;3;"CA N´ORIAC";6222;359;503
2015/01/01;3;NORD;4774;147;254
2015/01/01;3;"SANT JULIÀ";753;11;25
2015/01/01;4;BERARDO;3021;35;121
2015/01/01;4;"CAN RULL";5780;286;374
2015/01/01;4;CONCÒRDIA;4305;196;342
2015/01/01;5;"CAN FEU";3441;184;213
2015/01/01;5;GRÀCIA;3500;156;244
2015/01/01;5;OEST;15;1;1
2015/01/01;6;"CREU DE BARBERÀ";6611;536;618
2015/01/01;6;"SANT PAU";10;0;0
2015/01/01;6;SUD;2908;254;350
2015/01/01;7;EST;11;0;0
2015/01/01;7;"LA SERRA";2747;167;206
2015/04/01;1;CENTRE;11809;319;647
2015/04/01;1;"SANT OLEGUER";7290;280;472
2015/04/01;2;"CAN PUIGGENER";1603;270;231
2015/04/01;2;"CREU ALTA";6622;230;435
2015/04/01;2;TOGORES;11;0;0
2015/04/01;3;"CA N´ORIAC";6219;355;510
2015/04/01;3;NORD;4783;151;246
2015/04/01;3;"SANT JULIÀ";757;11;27
2015/04/01;4;BERARDO;3036;37;117
2015/04/01;4;"CAN RULL";5791;287;371
2015/04/01;4;CONCÒRDIA;4291;195;345
2015/04/01;5;"CAN FEU";3434;173;223
2015/04/01;5;GRÀCIA;3493;150;247
2015/04/01;5;OEST;15;1;1
2015/04/01;6;"CREU DE BARBERÀ";6615;530;626
2015/04/01;6;"SANT PAU";10;0;0
2015/04/01;6;SUD;2909;258;346
2015/04/01;7;EST;11;0;0
2015/04/01;7;"LA SERRA";2741;169;209
2015/07/01;1;CENTRE;11831;314;653
2015/07/01;1;"SANT OLEGUER";7309;279;462
2015/07/01;2;"CAN PUIGGENER";1604;262;230
2015/07/01;2;"CREU ALTA";6640;235;433
2015/07/01;2;TOGORES;11;0;0
2015/07/01;3;"CA N´ORIAC";6236;353;509
2015/07/01;3;NORD;4789;159;237
2015/07/01;3;"SANT JULIÀ";768;10;29
2015/07/01;4;BERARDO;3051;36;119
2015/07/01;4;"CAN RULL";5795;292;373
2015/07/01;4;CONCÒRDIA;4287;202;349
2015/07/01;5;"CAN FEU";3424;176;229
2015/07/01;5;GRÀCIA;3506;152;237
2015/07/01;5;OEST;15;1;1
2015/07/01;6;"CREU DE BARBERÀ";6625;555;619
2015/07/01;6;"SANT PAU";10;0;0
2015/07/01;6;SUD;2929;258;339
2015/07/01;7;EST;11;0;0
2015/07/01;7;"LA SERRA";2764;169;209
2015/10/01;1;CENTRE;11885;304;663
2015/10/01;1;"SANT OLEGUER";7322;280;469
2015/10/01;2;"CAN PUIGGENER";1602;257;238
2015/10/01;2;"CREU ALTA";6638;233;446
2015/10/01;2;TOGORES;11;0;0
2015/10/01;3;"CA N´ORIAC";6228;356;517
2015/10/01;3;NORD;4779;152;245
2015/10/01;3;"SANT JULIÀ";769;11;29
2015/10/01;4;BERARDO;3055;37;124
2015/10/01;4;"CAN RULL";5793;294;374
2015/10/01;4;CONCÒRDIA;4277;196;362
2015/10/01;5;"CAN FEU";3412;179;238
2015/10/01;5;GRÀCIA;3489;152;248
2015/10/01;5;OEST;15;1;1
2015/10/01;6;"CREU DE BARBERÀ";6619;560;633
2015/10/01;6;"SANT PAU";11;0;0
2015/10/01;6;SUD;2907;263;355
2015/10/01;7;EST;11;0;0
2015/10/01;7;"LA SERRA";2754;174;213
2016/01/01;1;CENTRE;11929;302;656
2016/01/01;1;"SANT OLEGUER";7323;286;471
2016/01/01;2;"CAN PUIGGENER";1602;260;231
2016/01/01;2;"CREU ALTA";6634;235;453
2016/01/01;2;TOGORES;12;0;0
2016/01/01;3;"CA N´ORIAC";6220;358;513
2016/01/01;3;NORD;4791;156;232
2016/01/01;3;"SANT JULIÀ";770;9;24
2016/01/01;4;BERARDO;3070;41;126
2016/01/01;4;"CAN RULL";5806;301;377
2016/01/01;4;CONCÒRDIA;4283;202;353
2016/01/01;5;"CAN FEU";3408;174;235
2016/01/01;5;GRÀCIA;3498;165;239
2016/01/01;5;OEST;15;1;1
2016/01/01;6;"CREU DE BARBERÀ";6620;559;649
2016/01/01;6;"SANT PAU";11;0;0
2016/01/01;6;SUD;2906;270;341
2016/01/01;7;EST;11;0;0
2016/01/01;7;"LA SERRA";2752;173;208
2016/04/01;1;CENTRE;11959;309;665
2016/04/01;1;"SANT OLEGUER";7327;279;481
2016/04/01;2;"CAN PUIGGENER";1590;259;229
2016/04/01;2;"CREU ALTA";6653;235;443
2016/04/01;2;TOGORES;12;0;1
2016/04/01;3;"CA N´ORIAC";6224;366;500
2016/04/01;3;NORD;4790;165;230
2016/04/01;3;"SANT JULIÀ";775;10;24
2016/04/01;4;BERARDO;3090;45;124
2016/04/01;4;"CAN RULL";5787;288;385
2016/04/01;4;CONCÒRDIA;4288;210;350
2016/04/01;5;"CAN FEU";3403;176;246
2016/04/01;5;GRÀCIA;3505;173;243
2016/04/01;5;OEST;15;1;1
2016/04/01;6;"CREU DE BARBERÀ";6631;556;657
2016/04/01;6;"SANT PAU";10;0;1
2016/04/01;6;SUD;2904;271;348
2016/04/01;7;EST;11;0;0
2016/04/01;7;"LA SERRA";2748;167;216
2016/07/01;1;CENTRE;12000;319;649
2016/07/01;1;"SANT OLEGUER";7330;273;491
2016/07/01;2;"CAN PUIGGENER";1599;261;236
2016/07/01;2;"CREU ALTA";6662;230;443
2016/07/01;2;TOGORES;12;0;1
2016/07/01;3;"CA N´ORIAC";6219;378;515
2016/07/01;3;NORD;4778;170;239
2016/07/01;3;"SANT JULIÀ";780;10;28
2016/07/01;4;BERARDO;3111;47;126
2016/07/01;4;"CAN RULL";5796;289;384
2016/07/01;4;CONCÒRDIA;4285;201;358
2016/07/01;5;"CAN FEU";3424;183;246
2016/07/01;5;GRÀCIA;3501;169;251
2016/07/01;5;OEST;15;1;1
2016/07/01;6;"CREU DE BARBERÀ";6632;563;658
2016/07/01;6;"SANT PAU";9;0;1
2016/07/01;6;SUD;2909;273;349
2016/07/01;7;EST;11;0;0
2016/07/01;7;"LA SERRA";2766;173;210
2016/10/01;1;CENTRE;11985;325;660
2016/10/01;1;"SANT OLEGUER";7340;275;507
2016/10/01;2;"CAN PUIGGENER";1597;269;239
2016/10/01;2;"CREU ALTA";6682;228;464
2016/10/01;2;TOGORES;12;0;1
2016/10/01;3;"CA N´ORIAC";6211;379;523
2016/10/01;3;NORD;4790;164;242
2016/10/01;3;"SANT JULIÀ";776;11;31
2016/10/01;4;BERARDO;3133;49;124
2016/10/01;4;"CAN RULL";5781;292;399
2016/10/01;4;CONCÒRDIA;4281;203;372
2016/10/01;5;"CAN FEU";3415;192;249
2016/10/01;5;GRÀCIA;3507;168;245
2016/10/01;5;OEST;14;1;1
2016/10/01;6;"CREU DE BARBERÀ";6618;571;680
2016/10/01;6;"SANT PAU";9;0;1
2016/10/01;6;SUD;2911;268;355
2016/10/01;7;EST;11;1;0
2016/10/01;7;"LA SERRA";2765;170;216
2017/01/01;1;CENTRE;12941;358;702
2017/01/01;1;"SANT OLEGUER";6530;295;459
2017/01/01;2;"CAN PUIGGENER";1601;273;244
2017/01/01;2;"CREU ALTA";6686;229;466
2017/01/01;2;TOGORES;12;0;1
2017/01/01;3;"CA N¦ORIAC";6208;377;537
2017/01/01;3;NORD;4785;167;253
2017/01/01;3;"SANT JULI+";163;20;1
2017/01/01;4;BERARDO;3846;60;149
2017/01/01;4;"CAN RULL";5635;304;402
2017/01/01;4;CONCÊRDIA;4435;202;370
2017/01/01;5;"CAN FEU";3411;198;259
2017/01/01;5;GR+CIA;3513;170;254
2017/01/01;5;OEST;15;1;1
2017/01/01;6;"CREU DE BARBER+";6602;569;691
2017/01/01;6;"SANT PAU";9;0;1
2017/01/01;6;SUD;2934;278;363
2017/01/01;7;EST;11;1;0
2017/01/01;7;"LA SERRA";2760;181;216
2017/04/01;1;CENTRE;12971;366;708
2017/04/01;1;"SANT OLEGUER";6548;299;462
2017/04/01;2;"CAN PUIGGENER";1594;284;242
2017/04/01;2;"CREU ALTA";6715;235;460
2017/04/01;2;TOGORES;12;0;1
2017/04/01;3;"CA N'ORIAC";6208;392;542
2017/04/01;3;NORD;4778;171;255
2017/04/01;3;"SANT JULIÀ";777;12;28
2017/04/01;4;BERARDO;3133;51;132
2017/04/01;4;"CAN RULL";5754;309;415
2017/04/01;4;CONCÒRDIA;4280;205;369
2017/04/01;5;"CAN FEU";3401;198;271
2017/04/01;5;GRÀCIA;3516;169;258
2017/04/01;5;OEST;15;1;1
2017/04/01;6;"CREU DE BARBERÀ";6629;591;682
2017/04/01;6;"SANT PAU";9;0;1
2017/04/01;6;SUD;2903;287;369
2017/04/01;7;EST;10;1;0
2017/04/01;7;"LA SERRA";2754;181;220
2017/07/01;1;CENTRE;12976;389;702
2017/07/01;1;"SANT OLEGUER";6550;307;466
2017/07/01;2;"CAN PUIGGENER";1594;279;248
2017/07/01;2;"CREU ALTA";6715;237;463
2017/07/01;2;TOGORES;12;0;1
2017/07/01;3;"CA N'ORIAC";6213;408;549
2017/07/01;3;NORD;4777;170;256
2017/07/01;3;"SANT JULIÀ";780;13;27
2017/07/01;4;BERARDO;3145;46;133
2017/07/01;4;"CAN RULL";5763;323;417
2017/07/01;4;CONCÒRDIA;4280;216;363
2017/07/01;5;"CAN FEU";3388;222;265
2017/07/01;5;GRÀCIA;3532;168;256
2017/07/01;5;OEST;15;1;1
2017/07/01;6;"CREU DE BARBERÀ";6629;599;696
2017/07/01;6;"SANT PAU";9;0;1
2017/07/01;6;SUD;2904;294;371
2017/07/01;7;EST;11;1;0
2017/07/01;7;"LA SERRA";2752;185;222
2017/10/01;1;CENTRE;12979;383;732
2017/10/01;1;"SANT OLEGUER";6519;308;471
2017/10/01;2;"CAN PUIGGENER";1588;294;252
2017/10/01;2;"CREU ALTA";6708;250;465
2017/10/01;2;TOGORES;12;0;1
2017/10/01;3;"CA N'ORIAC";6229;416;553
2017/10/01;3;NORD;4764;177;261
2017/10/01;3;"SANT JULIÀ";791;12;26
2017/10/01;4;BERARDO;3140;47;144
2017/10/01;4;"CAN RULL";5768;324;423
2017/10/01;4;CONCÒRDIA;4272;214;374
2017/10/01;5;"CAN FEU";3389;231;275
2017/10/01;5;GRÀCIA;3532;156;264
2017/10/01;5;OEST;15;1;1
2017/10/01;6;"CREU DE BARBERÀ";6644;584;727
2017/10/01;6;"SANT PAU";9;0;1
2017/10/01;6;SUD;2902;306;367
2017/10/01;7;EST;11;1;0
2017/10/01;7;"LA SERRA";2762;182;225
2018/01/01;1;"EL CENTRE";13010;397;737
2018/01/01;1;"SANT OLEGUER";6519;315;458
2018/01/01;2;"CAN PUIGGENER";1593;295;250
2018/01/01;2;"LA CREU ALTA";6707;263;467
2018/01/01;2;TOGORES;12;0;1
2018/01/01;3;"CA N'ORIAC";6232;427;558
2018/01/01;3;NORD;4771;184;262
2018/01/01;3;"SANT JULIÀ D'ALTURA";787;12;26
2018/01/01;4;BERARDO;3145;52;140
2018/01/01;4;"CAN RULL";5777;339;424
2018/01/01;4;"LA CONCÒRDIA";4266;214;375
2018/01/01;5;"CAN FEU";3397;246;272
2018/01/01;5;GRÀCIA;3541;161;269
2018/01/01;5;OEST;15;1;1
2018/01/01;6;"LA CREU DE BARBERÀ";6651;590;727
2018/01/01;6;"SANT PAU DE RIU-SEC";10;0;1
2018/01/01;6;SUD;2892;312;373
2018/01/01;7;EST;11;1;0
2018/01/01;7;"LA SERRA DE SANT ISCLE";2758;184;233
2018/04/01;1;"EL CENTRE";13020;411;740
2018/04/01;1;"SANT OLEGUER";6559;317;463
2018/04/01;2;"CAN PUIGGENER";1583;304;256
2018/04/01;2;"LA CREU ALTA";6718;257;484
2018/04/01;2;TOGORES;11;0;1
2018/04/01;3;"CA N'ORIAC";6214;438;567
2018/04/01;3;NORD;4782;187;258
2018/04/01;3;"SANT JULIÀ D'ALTURA";786;12;28
2018/04/01;4;BERARDO;3157;52;141
2018/04/01;4;"CAN RULL";5755;356;428
2018/04/01;4;"LA CONCÒRDIA";4264;223;374
2018/04/01;5;"CAN FEU";3399;250;273
2018/04/01;5;GRÀCIA;3540;164;277
2018/04/01;5;OEST;15;1;1
2018/04/01;6;"LA CREU DE BARBERÀ";6639;609;735
2018/04/01;6;"SANT PAU DE RIU-SEC";10;0;1
2018/04/01;6;SUD;2889;316;385
2018/04/01;7;EST;12;1;0
2018/04/01;7;"LA SERRA DE SANT ISCLE";2764;184;236
2018/07/01;1;"EL CENTRE";13097;421;771
2018/07/01;1;"SANT OLEGUER";6353;260;464
2018/07/01;2;"CAN PUIGGENER";1590;308;263
2018/07/01;2;"LA CREU ALTA";6692;261;488
2018/07/01;2;TOGORES;12;0;1
2018/07/01;3;"CA N'ORIAC";6209;434;606
2018/07/01;3;NORD;4755;183;276
2018/07/01;3;"SANT JULIÀ D'ALTURA";18;2;1
2018/07/01;4;BERARDO;3928;62;176
2018/07/01;4;"CAN RULL";5589;357;436
2018/07/01;4;"LA CONCÒRDIA";4424;218;404
2018/07/01;5;"CAN FEU";3408;248;282
2018/07/01;5;GRÀCIA;3547;167;278
2018/07/01;5;OEST;15;1;1
2018/07/01;6;"LA CREU DE BARBERÀ";6596;633;759
2018/07/01;6;"SANT PAU DE RIU-SEC";10;0;1
2018/07/01;6;SUD;2901;314;396
2018/07/01;7;EST;12;1;0
2018/07/01;7;"LA SERRA DE SANT ISCLE";2757;199;243
2018/10/01;1;"EL CENTRE";13071;440;789
2018/10/01;1;"SANT OLEGUER";6370;270;460
2018/10/01;2;"CAN PUIGGENER";1594;311;267
2018/10/01;2;"LA CREU ALTA";6693;273;494
2018/10/01;2;TOGORES;12;0;1
2018/10/01;3;"CA N'ORIAC";6202;442;602
2018/10/01;3;NORD;4766;185;280
2018/10/01;3;"SANT JULIÀ D'ALTURA";17;2;1
2018/10/01;4;BERARDO;3920;60;186
2018/10/01;4;"CAN RULL";5580;364;436
2018/10/01;4;"LA CONCÒRDIA";4411;223;412
2018/10/01;5;"CAN FEU";3408;250;289
2018/10/01;5;GRÀCIA;3556;158;289
2018/10/01;5;OEST;15;1;1
2018/10/01;6;"LA CREU DE BARBERÀ";6598;656;749
2018/10/01;6;"SANT PAU DE RIU-SEC";10;0;1
2018/10/01;6;SUD;2876;318;404
2018/10/01;7;EST;12;0;0
2018/10/01;7;"LA SERRA DE SANT ISCLE";2753;208;242
2019/01/01;1;"EL CENTRE";13087;453;798
2019/01/01;1;"SANT OLEGUER";6362;276;470
2019/01/01;2;"CAN PUIGGENER";1602;316;266
2019/01/01;2;"LA CREU ALTA";6696;279;507
2019/01/01;2;TOGORES;12;0;1
2019/01/01;3;"CA N'ORIAC";6184;456;614
2019/01/01;3;NORD;4779;190;263
2019/01/01;3;"SANT JULIÀ D'ALTURA";17;2;1
2019/01/01;4;BERARDO;3911;66;188
2019/01/01;4;"CAN RULL";5587;370;447
2019/01/01;4;"LA CONCÒRDIA";4424;229;415
2019/01/01;5;"CAN FEU";3409;257;277
2019/01/01;5;GRÀCIA;3570;165;273
2019/01/01;5;OEST;15;1;1
2019/01/01;6;"LA CREU DE BARBERÀ";6575;667;767
2019/01/01;6;"SANT PAU DE RIU-SEC";10;0;1
2019/01/01;6;SUD;2878;321;413
2019/01/01;7;EST;11;0;0
2019/01/01;7;"LA SERRA DE SANT ISCLE";2749;211;255
2019/04/01;1;"EL CENTRE";13081;470;814
2019/04/01;1;"SANT OLEGUER";6353;290;476
2019/04/01;2;"CAN PUIGGENER";1600;315;286
2019/04/01;2;"LA CREU ALTA";6724;280;503
2019/04/01;2;TOGORES;13;0;1
2019/04/01;3;"CA N'ORIAC";6180;461;621
2019/04/01;3;NORD;4761;201;275
2019/04/01;3;"SANT JULIÀ D'ALTURA";17;2;1
2019/04/01;4;BERARDO;3913;69;192
2019/04/01;4;"CAN RULL";5590;387;445
2019/04/01;4;"LA CONCÒRDIA";4430;228;419
2019/04/01;5;"CAN FEU";3395;253;288
2019/04/01;5;GRÀCIA;3572;171;284
2019/04/01;5;OEST;14;1;1
2019/04/01;6;"LA CREU DE BARBERÀ";6536;684;798
2019/04/01;6;"SANT PAU DE RIU-SEC";10;0;1
2019/04/01;6;SUD;2866;343;409
2019/04/01;7;EST;11;0;0
2019/04/01;7;"LA SERRA DE SANT ISCLE";2752;219;259
2019/07/01;1;"EL CENTRE";13077;483;822
2019/07/01;1;"SANT OLEGUER";6371;300;468
2019/07/01;2;"CAN PUIGGENER";1605;317;288
2019/07/01;2;"LA CREU ALTA";6728;284;508
2019/07/01;2;TOGORES;13;0;1
2019/07/01;3;"CA N'ORIAC";6151;471;641
2019/07/01;3;NORD;4756;199;298
2019/07/01;3;"SANT JULIÀ D'ALTURA";17;2;1
2019/07/01;4;BERARDO;3928;67;191
2019/07/01;4;"CAN RULL";5566;387;462
2019/07/01;4;"LA CONCÒRDIA";4416;228;424
2019/07/01;5;"CAN FEU";3397;261;296
2019/07/01;5;GRÀCIA;3584;177;288
2019/07/01;5;OEST;15;1;1
2019/07/01;6;"LA CREU DE BARBERÀ";6520;689;812
2019/07/01;6;"SANT PAU DE RIU-SEC";10;0;1
2019/07/01;6;SUD;2855;347;428
2019/07/01;7;EST;11;0;0
2019/07/01;7;"LA SERRA DE SANT ISCLE";2745;220;266
2019/10/01;1;"EL CENTRE";13062;493;879
2019/10/01;1;"SANT OLEGUER";6363;301;471
2019/10/01;2;"CAN PUIGGENER";1587;319;297
2019/10/01;2;"LA CREU ALTA";6727;302;509
2019/10/01;2;TOGORES;13;0;1
2019/10/01;3;"CA N'ORIAC";6151;464;669
2019/10/01;3;NORD;4754;213;296
2019/10/01;3;"SANT JULIÀ D'ALTURA";17;2;1
2019/10/01;4;BERARDO;3920;67;198
2019/10/01;4;"CAN RULL";5568;393;471
2019/10/01;4;"LA CONCÒRDIA";4397;233;436
2019/10/01;5;"CAN FEU";3400;268;290
2019/10/01;5;GRÀCIA;3571;187;306
2019/10/01;5;OEST;15;1;1
2019/10/01;6;"LA CREU DE BARBERÀ";6528;698;810
2019/10/01;6;"SANT PAU DE RIU-SEC";9;0;2
2019/10/01;6;SUD;2849;350;439
2019/10/01;7;EST;10;0;0
2019/10/01;7;"LA SERRA DE SANT ISCLE";2730;228;270
2020/01/01;1;"EL CENTRE";13095;510;898
2020/01/01;1;"SANT OLEGUER";6353;297;494
2020/01/01;2;"CAN PUIGGENER";1582;316;309
2020/01/01;2;"LA CREU ALTA";6751;293;529
2020/01/01;2;TOGORES;13;0;2
2020/01/01;3;"CA N'ORIAC";6138;465;680
2020/01/01;3;NORD;4743;222;308
2020/01/01;3;"SANT JULIÀ D'ALTURA";17;2;1
2020/01/01;4;BERARDO;3931;65;194
2020/01/01;4;"CAN RULL";5555;394;478
2020/01/01;4;"LA CONCÒRDIA";4403;237;432
2020/01/01;5;"CAN FEU";3394;269;308
2020/01/01;5;GRÀCIA;3571;195;320
2020/01/01;5;OEST;16;1;1
2020/01/01;6;"LA CREU DE BARBERÀ";6518;694;836
2020/01/01;6;"SANT PAU DE RIU-SEC";7;0;2
2020/01/01;6;SUD;2830;350;451
2020/01/01;7;EST;10;1;0
2020/01/01;7;"LA SERRA DE SANT ISCLE";2729;229;285
2020/04/01;1;"EL CENTRE";13089;514;905
2020/04/01;1;"SANT OLEGUER";6347;311;499
2020/04/01;2;"CAN PUIGGENER";1573;316;323
2020/04/01;2;"LA CREU ALTA";6737;301;536
2020/04/01;2;TOGORES;13;0;2
2020/04/01;3;"CA N'ORIAC";6126;462;687
2020/04/01;3;NORD;4729;220;311
2020/04/01;3;"SANT JULIÀ D'ALTURA";17;2;1
2020/04/01;4;BERARDO;3922;64;205
2020/04/01;4;"CAN RULL";5547;395;487
2020/04/01;4;"LA CONCÒRDIA";4393;238;442
2020/04/01;5;"CAN FEU";3375;277;311
2020/04/01;5;GRÀCIA;3554;208;322
2020/04/01;5;OEST;15;1;2
2020/04/01;6;"LA CREU DE BARBERÀ";6496;703;842
2020/04/01;6;"SANT PAU DE RIU-SEC";7;0;2
2020/04/01;6;SUD;2819;349;455
2020/04/01;7;EST;10;1;1
2020/04/01;7;"LA SERRA DE SANT ISCLE";2726;234;279
2020/07/01;1;"EL CENTRE";13092;519;905
2020/07/01;1;"SANT OLEGUER";6337;310;500
2020/07/01;2;"CAN PUIGGENER";1566;320;324
2020/07/01;2;"LA CREU ALTA";6740;302;536
2020/07/01;2;TOGORES;12;0;2
2020/07/01;3;"CA N'ORIAC";6123;465;694
2020/07/01;3;NORD;4719;219;311
2020/07/01;3;"SANT JULIÀ D'ALTURA";17;2;1
2020/07/01;4;BERARDO;3917;66;204
2020/07/01;4;"CAN RULL";5535;396;490
2020/07/01;4;"LA CONCÒRDIA";4380;242;451
2020/07/01;5;"CAN FEU";3369;280;314
2020/07/01;5;GRÀCIA;3544;205;329
2020/07/01;5;OEST;15;0;3
2020/07/01;6;"LA CREU DE BARBERÀ";6482;704;851
2020/07/01;6;"SANT PAU DE RIU-SEC";8;0;1
2020/07/01;6;SUD;2805;354;454
2020/07/01;7;EST;10;1;1
2020/07/01;7;"LA SERRA DE SANT ISCLE";2722;241;283
2020/10/01;1;"EL CENTRE";13132;524;915
2020/10/01;1;"SANT OLEGUER";6345;323;508
2020/10/01;2;"CAN PUIGGENER";1553;321;339
2020/10/01;2;"LA CREU ALTA";6744;314;552
2020/10/01;2;TOGORES;12;0;2
2020/10/01;3;"CA N´ORIAC";6116;481;709
2020/10/01;3;NORD;4721;230;317
2020/10/01;3;"SANT JULIÀ D´ALTURA";17;1;1
2020/10/01;4;BERARDO;3907;67;210
2020/10/01;4;"CAN RULL";5530;392;522
2020/10/01;4;"LA CONCÒRDIA";4366;233;458
2020/10/01;5;"CAN FEU";3400;291;317
2020/10/01;5;GRÀCIA;3528;210;338
2020/10/01;5;OEST;15;0;3
2020/10/01;6;"LA CREU DE BARBERÀ";6464;714;878
2020/10/01;6;"SANT PAU DE RIU-SEC";8;0;1
2020/10/01;6;SUD;2805;365;458
2020/10/01;7;EST;11;1;1
2020/10/01;7;"LA SERRA DE SANT ISCLE";2718;239;293
2021/01/01;1;"EL CENTRE";13157;527;923
2021/01/01;1;"SANT OLEGUER";6379;327;502
2021/01/01;2;"CAN PUIGGENER";1552;322;339
2021/01/01;2;"LA CREU ALTA";6776;319;543
2021/01/01;2;TOGORES;10;0;3
2021/01/01;3;"CA N´ORIAC";6116;481;696
2021/01/01;3;NORD;4716;229;319
2021/01/01;3;"SANT JULIÀ D´ALTURA";18;1;1
2021/01/01;4;BERARDO;3937;67;208
2021/01/01;4;"CAN RULL";5543;379;518
2021/01/01;4;"LA CONCÒRDIA";4349;239;461
2021/01/01;5;"CAN FEU";3395;289;332
2021/01/01;5;GRÀCIA;3545;211;329
2021/01/01;5;OEST;16;0;2
2021/01/01;6;"LA CREU DE BARBERÀ";6500;714;871
2021/01/01;6;"SANT PAU DE RIU-SEC";8;0;1
2021/01/01;6;SUD;2815;366;444
2021/01/01;7;EST;11;0;2
2021/01/01;7;"LA SERRA DE SANT ISCLE";2710;240;306
2021/04/01;1;"EL CENTRE";13171;530;943
2021/04/01;1;"SANT OLEGUER";6386;327;509
2021/04/01;2;"CAN PUIGGENER";1544;312;352
2021/04/01;2;"LA CREU ALTA";6762;309;554
2021/04/01;2;TOGORES;11;0;3
2021/04/01;3;"CA N´ORIAC";6111;486;704
2021/04/01;3;NORD;4699;216;332
2021/04/01;3;"SANT JULIÀ D´ALTURA";18;1;2
2021/04/01;4;BERARDO;3984;67;210
2021/04/01;4;"CAN RULL";5539;376;527
2021/04/01;4;"LA CONCÒRDIA";4337;230;477
2021/04/01;5;"CAN FEU";3398;284;347
2021/04/01;5;GRÀCIA;3546;209;331
2021/04/01;5;OEST;15;0;2
2021/04/01;6;"LA CREU DE BARBERÀ";6475;714;885
2021/04/01;6;"SANT PAU DE RIU-SEC";7;0;1
2021/04/01;6;SUD;2808;359;456
2021/04/01;7;EST;11;1;2
2021/04/01;7;"LA SERRA DE SANT ISCLE";2704;239;308
2012/01/01;1;"EL CENTRE";12109;385;646
2012/01/01;1;"SANT OLEGUER";6927;364;433
2012/01/01;2;"CAN PUIGGENER";1575;316;207
2012/01/01;2;"LA CREU ALTA";6561;302;374
2012/01/01;2;TOGORES;11;0;0
2012/01/01;3;"CA N´ORIAC";6285;409;459
2012/01/01;3;NORD;4779;171;287
2012/01/01;3;"SANT JULIÀ D´ALTURA";475;8;10
2012/01/01;4;BERARDO;2885;38;127
2012/01/01;4;"CAN RULL";5733;345;382
2012/01/01;4;"LA CONCÒRDIA";4314;250;336
2012/01/01;5;"CAN FEU";3332;202;197
2012/01/01;5;GRÀCIA;3392;159;221
2012/01/01;5;OEST;16;0;1
2012/01/01;6;"LA CREU DE BARBERÀ";6540;605;597
2012/01/01;6;"SANT PAU DE RIU-SEC";8;2;0
2012/01/01;6;SUD;2911;310;324
2012/01/01;7;EST;12;0;0
2012/01/01;7;"LA SERRA DE SANT ISCLE";2619;235;171
2021/07/01;1;"EL CENTRE";13180;540;953
2021/07/01;1;"SANT OLEGUER";6412;320;519
2021/07/01;2;"CAN PUIGGENER";1553;312;346
2021/07/01;2;"LA CREU ALTA";6765;312;554
2021/07/01;2;TOGORES;11;0;3
2021/07/01;3;"CA N´ORIAC";6102;478;698
2021/07/01;3;NORD;4704;221;323
2021/07/01;3;"SANT JULIÀ D´ALTURA";18;1;2
2021/07/01;4;BERARDO;4018;71;212
2021/07/01;4;"CAN RULL";5534;383;527
2021/07/01;4;"LA CONCÒRDIA";4348;241;471
2021/07/01;5;"CAN FEU";3404;274;349
2021/07/01;5;GRÀCIA;3561;208;334
2021/07/01;5;OEST;14;0;3
2021/07/01;6;"LA CREU DE BARBERÀ";6466;696;906
2021/07/01;6;"SANT PAU DE RIU-SEC";7;0;1
2021/07/01;6;SUD;2808;363;465
2021/07/01;7;EST;11;2;1
2021/07/01;7;"LA SERRA DE SANT ISCLE";2710;233;324
2022/10/01;1;"EL CENTRE";13333;561;1026
2022/10/01;1;"SANT OLEGUER";6615;339;547
2022/10/01;2;"CAN PUIGGENER";1584;276;375
2022/10/01;2;"LA CREU ALTA";6827;325;566
2022/10/01;2;TOGORES;12;1;3
2022/10/01;3;"CA N'ORIAC";6107;491;730
2022/10/01;3;NORD;4675;230;353
2022/10/01;3;"SANT JULIÀ D'ALTURA";17;1;3
2022/10/01;4;BERARDO;4067;77;226
2022/10/01;4;"CAN RULL";5563;394;553
2022/10/01;4;"LA CONCÒRDIA";4325;248;472
2022/10/01;5;"CAN FEU";3470;273;371
2022/10/01;5;GRÀCIA;3610;228;336
2022/10/01;5;OEST;15;0;2
2022/10/01;6;"LA CREU DE BARBERÀ";6429;707;991
2022/10/01;6;"SANT PAU DE RIU-SEC";6;1;1
2022/10/01;6;SUD;2765;331;530
2022/10/01;7;EST;14;4;0
2022/10/01;7;"LA SERRA DE SANT ISCLE";2722;227;350
2021/10/01;1;"EL CENTRE";13209;545;940
2021/10/01;1;"SANT OLEGUER";6445;321;515
2021/10/01;2;"CAN PUIGGENER";1550;307;352
2021/10/01;2;"LA CREU ALTA";6756;317;557
2021/10/01;2;TOGORES;10;0;4
2021/10/01;3;"CA N'ORIAC";6107;476;698
2021/10/01;3;NORD;4710;222;323
2021/10/01;3;"SANT JULIÀ D'ALTURA";18;1;2
2021/10/01;4;BERARDO;4033;74;217
2021/10/01;4;"CAN RULL";5549;387;522
2021/10/01;4;"LA CONCÒRDIA";4337;236;473
2021/10/01;5;"CAN FEU";3419;279;348
2021/10/01;5;GRÀCIA;3568;219;334
2021/10/01;5;OEST;15;0;2
2021/10/01;6;"LA CREU DE BARBERÀ";6449;698;920
2021/10/01;6;"SANT PAU DE RIU-SEC";7;0;1
2021/10/01;6;SUD;2811;361;468
2021/10/01;7;EST;11;2;1
2021/10/01;7;"LA SERRA DE SANT ISCLE";2711;240;316
2023/01/01;1;"EL CENTRE";13400;562;1040
2023/01/01;1;"SANT OLEGUER";6623;353;554
2023/01/01;2;"CAN PUIGGENER";1568;273;394
2023/01/01;2;"LA CREU ALTA";6854;337;575
2023/01/01;2;TOGORES;13;1;2
2023/01/01;3;"CA N'ORIAC";6121;491;737
2023/01/01;3;NORD;4678;230;354
2023/01/01;3;"SANT JULIÀ D'ALTURA";17;1;3
2023/01/01;4;BERARDO;4078;82;228
2023/01/01;4;"CAN RULL";5550;392;574
2023/01/01;4;"LA CONCÒRDIA";4323;254;454
2023/01/01;5;"CAN FEU";3484;282;385
2023/01/01;5;GRÀCIA;3603;240;345
2023/01/01;5;OEST;14;0;3
2023/01/01;6;"LA CREU DE BARBERÀ";6442;712;1001
2023/01/01;6;"SANT PAU DE RIU-SEC";6;0;1
2023/01/01;6;SUD;2755;343;538
2023/01/01;7;EST;13;4;1
2023/01/01;7;"LA SERRA DE SANT ISCLE";2709;223;357
2022/01/01;1;"EL CENTRE";13245;550;966
2022/01/01;1;"SANT OLEGUER";6482;326;522
2022/01/01;2;"CAN PUIGGENER";1558;298;357
2022/01/01;2;"LA CREU ALTA";6766;307;559
2022/01/01;2;TOGORES;11;0;4
2022/01/01;3;"CA N'ORIAC";6122;481;689
2022/01/01;3;NORD;4699;225;319
2022/01/01;3;"SANT JULIÀ D'ALTURA";18;2;2
2022/01/01;4;BERARDO;4051;78;222
2022/01/01;4;"CAN RULL";5548;388;516
2022/01/01;4;"LA CONCÒRDIA";4336;240;461
2022/01/01;5;"CAN FEU";3420;276;344
2022/01/01;5;GRÀCIA;3578;216;332
2022/01/01;5;OEST;15;0;2
2022/01/01;6;"LA CREU DE BARBERÀ";6437;704;927
2022/01/01;6;"SANT PAU DE RIU-SEC";7;0;1
2022/01/01;6;SUD;2791;359;481
2022/01/01;7;EST;13;3;0
2022/01/01;7;"LA SERRA DE SANT ISCLE";2707;253;316
2023/04/01;1;"EL CENTRE";13442;606;1037
2023/04/01;1;"SANT OLEGUER";6638;358;575
2023/04/01;2;"CAN PUIGGENER";1560;277;404
2023/04/01;2;"LA CREU ALTA";6857;347;592
2023/04/01;2;TOGORES;14;1;1
2023/04/01;3;"CA N'ORIAC";6136;505;757
2023/04/01;3;NORD;4667;237;357
2023/04/01;3;"SANT JULIÀ D'ALTURA";17;2;3
2023/04/01;4;BERARDO;4069;90;237
2023/04/01;4;"CAN RULL";5532;396;590
2023/04/01;4;"LA CONCÒRDIA";4325;254;471
2023/04/01;5;"CAN FEU";3483;278;412
2023/04/01;5;GRÀCIA;3590;236;357
2023/04/01;5;OEST;16;0;2
2023/04/01;6;"LA CREU DE BARBERÀ";6441;734;1032
2023/04/01;6;"SANT PAU DE RIU-SEC";6;0;1
2023/04/01;6;SUD;2759;350;548
2023/04/01;7;EST;12;4;1
2023/04/01;7;"LA SERRA DE SANT ISCLE";2699;220;366
2022/04/01;1;"EL CENTRE";13291;537;1003
2022/04/01;1;"SANT OLEGUER";6543;325;540
2022/04/01;2;"CAN PUIGGENER";1562;282;377
2022/04/01;2;"LA CREU ALTA";6786;312;560
2022/04/01;2;TOGORES;11;0;4
2022/04/01;3;"CA N'ORIAC";6122;495;698
2022/04/01;3;NORD;4692;231;336
2022/04/01;3;"SANT JULIÀ D'ALTURA";17;2;2
2022/04/01;4;BERARDO;4050;80;227
2022/04/01;4;"CAN RULL";5549;390;529
2022/04/01;4;"LA CONCÒRDIA";4327;245;462
2022/04/01;5;"CAN FEU";3449;272;359
2022/04/01;5;GRÀCIA;3593;227;333
2022/04/01;5;OEST;16;0;2
2022/04/01;6;"LA CREU DE BARBERÀ";6425;700;961
2022/04/01;6;"SANT PAU DE RIU-SEC";6;0;1
2022/04/01;6;SUD;2779;360;499
2022/04/01;7;EST;13;4;0
2022/04/01;7;"LA SERRA DE SANT ISCLE";2710;244;326
2023/07/01;1;"EL CENTRE";13500;613;1096
2023/07/01;1;"SANT OLEGUER";6653;371;599
2023/07/01;2;"CAN PUIGGENER";1569;277;417
2023/07/01;2;"LA CREU ALTA";6891;371;611
2023/07/01;2;TOGORES;14;1;1
2023/07/01;3;"CA N'ORIAC";6126;492;796
2023/07/01;3;NORD;4659;233;384
2023/07/01;3;"SANT JULIÀ D'ALTURA";18;2;2
2023/07/01;4;BERARDO;4070;91;249
2023/07/01;4;"CAN RULL";5544;394;615
2023/07/01;4;"LA CONCÒRDIA";4327;264;477
2023/07/01;5;"CAN FEU";3510;281;433
2023/07/01;5;GRÀCIA;3582;239;357
2023/07/01;5;OEST;17;0;2
2023/07/01;6;"LA CREU DE BARBERÀ";6434;723;1075
2023/07/01;6;"SANT PAU DE RIU-SEC";5;0;2
2023/07/01;6;SUD;2759;357;561
2023/07/01;7;EST;11;5;1
2023/07/01;7;"LA SERRA DE SANT ISCLE";2705;224;375
2022/07/01;1;"EL CENTRE";13322;545;1025
2022/07/01;1;"SANT OLEGUER";6592;335;531
2022/07/01;2;"CAN PUIGGENER";1575;279;381
2022/07/01;2;"LA CREU ALTA";6800;316;577
2022/07/01;2;TOGORES;11;1;3
2022/07/01;3;"CA N'ORIAC";6121;491;720
2022/07/01;3;NORD;4691;229;344
2022/07/01;3;"SANT JULIÀ D'ALTURA";17;2;2
2022/07/01;4;BERARDO;4062;80;226
2022/07/01;4;"CAN RULL";5565;397;541
2022/07/01;4;"LA CONCÒRDIA";4338;240;460
2022/07/01;5;"CAN FEU";3455;262;376
2022/07/01;5;GRÀCIA;3605;229;338
2022/07/01;5;OEST;16;0;2
2022/07/01;6;"LA CREU DE BARBERÀ";6454;699;976
2022/07/01;6;"SANT PAU DE RIU-SEC";6;0;1
2022/07/01;6;SUD;2781;342;509
2022/07/01;7;EST;13;5;0
2022/07/01;7;"LA SERRA DE SANT ISCLE";2719;230;351
